rb,Year,hdd
p110,2020,721.768544327181
p110,2021,798.8742595096809
p110,2022,880.2588526463967
p110,2023,963.0473922666185
p110,2024,1049.9902744384779
p110,2025,1137.8616263699132
p110,2026,1230.0001073687035
p110,2027,1323.1028078557656
p110,2028,1418.044887863561
p110,2029,1515.0538297649134
p110,2030,1613.6839123347918
p110,2031,1715.988728876969
p110,2032,1819.1491098856836
p110,2033,1925.9271004617656
p110,2034,2034.466984087711
p110,2035,2145.0986601014747
p110,2036,2261.184000038979
p110,2037,2376.7607404430237
p110,2038,2495.176665161397
p110,2039,2616.956124476027
p110,2040,2741.1380127388757
p110,2041,2867.512103139561
p110,2042,2996.7030006377845
p110,2043,3128.045567959648
p110,2044,3262.1133425646626
p110,2045,3399.663886292187
p110,2046,3537.0256140427796
p110,2047,3680.9219753131006
p110,2048,3826.274142577271
p110,2049,3978.010064305691
p110,2050,4134.427885515176
p110,2051,4293.244907820116
p110,2052,4459.38142705847
p110,2053,4624.890826616432
p110,2054,4796.57390357513
p110,2055,4971.626919218422
p110,2056,5154.205840856279
p110,2057,5339.402166434559
p110,2058,5522.879977204929
p110,2059,5710.687690632976
p110,2060,5899.157384466023
p110,2061,6082.395229829102
p110,2062,6268.707117367527
p110,2063,6454.0041647125445
p110,2064,6647.588849364859
p110,2065,6826.135202731638
p110,2066,7013.3215104040055
p110,2067,7197.057105963053
p110,2068,7394.440902422556
p110,2069,7570.381806575322
p110,2070,7756.854030767138
p110,2071,7944.381274090466
p110,2072,8138.707259544727
p110,2073,8315.464021467244
p110,2074,8500.653896811891
p110,2075,8688.470388798889
p110,2076,8885.675906004444
p110,2077,9060.343235173128
p110,2078,9245.250773969867
p110,2079,9431.070940055028
p110,2080,9634.42143227631
p110,2081,9803.433772866989
p110,2082,9990.673911448193
p110,2083,10174.654277154761
p110,2084,10379.963017199481
p110,2085,10548.0457693451
p110,2086,10735.250653449719
p110,2087,10920.670553450798
p110,2088,11124.801932855169
p110,2089,11293.938593975823
p110,2090,11477.678672227945
p110,2091,11665.770154633383
p110,2092,11871.2668740682
p110,2093,12037.800757993444
p110,2094,12223.772321669987
p110,2095,12408.719049417103
p110,2096,12618.642002568993
p110,2097,12781.564960310445
p110,2098,12968.829248246693
p110,2099,13152.462634127409
